iteration,well,delta_od600,od600_readings,Glucose,NaCl,Tryptone
1,A2,0.11149999999999999,"[0.0605, 0.0866, 0.1314, 0.1301, 0.1328, 0.1616, 0.1483, 0.158, 0.1547, 0.172]",12.3,14.6,23.3
1,B2,0.1131,"[0.0525, 0.0939, 0.0996, 0.1201, 0.1274, 0.1551, 0.1612, 0.1619, 0.1612, 0.1656]",9.5,13.4,10.4
1,C2,0.3705,"[0.0735, 0.1956, 0.2575, 0.2972, 0.3579, 0.3902, 0.3897, 0.4225, 0.4303, 0.444]",10.5,14.8,7.6
1,D2,0.1325,"[0.0823, 0.1102, 0.1247, 0.1592, 0.1882, 0.202, 0.1978, 0.1964, 0.1905, 0.2148]",19.4,11.0,3.2
1,E2,0.2752,"[0.0709, 0.1288, 0.2019, 0.2552, 0.2787, 0.3086, 0.3241, 0.3275, 0.3461, 0.3431]",5.3,12.6,1.9
1,F2,0.27599999999999997,"[0.0523, 0.1421, 0.192, 0.2283, 0.2561, 0.2832, 0.3083, 0.3157, 0.3032, 0.3283]",20.0,13.7,19.3
1,G2,0.6788000000000001,"[0.0578, 0.2577, 0.4141, 0.5042, 0.5639, 0.6301, 0.6575, 0.6912, 0.7366, 0.7328]",1.2,19.7,11.4
1,H2,0.2142,"[0.0534, 0.0985, 0.1747, 0.1878, 0.2345, 0.2322, 0.2511, 0.2527, 0.2572, 0.2676]",0.0,16.9,17.7
